cuisine;recipe Name;Link
Vietnamese;Vietnamese Pho Soup;https://www.yummly.com/recipe/Vietnamese-Pho-Soup-2521774
Vietnamese;Vietnamese Chicken Meatballs;https://www.yummly.com/recipe/Vietnamese-Chicken-Meatballs-1074813
Vietnamese;Vietnamese Restaurant-Style Grilled Lemongrass Pork (Thit Heo Nuong Xa);https://www.yummly.com/recipe/Vietnamese-Restaurant-Style-Grilled-Lemongrass-Pork-_Thit-Heo-Nuong-Xa_-1035987
Vietnamese;Vietnamese Caramel Chicken;https://www.yummly.com/recipe/Vietnamese-Caramel-Chicken-1182299
Vietnamese;Cheater Vietnamese Pho (Pho Bo);https://www.yummly.com/recipe/Cheater-Vietnamese-Pho-_Pho-Bo_-1281521
Vietnamese;Authentic Vietnamese Beef Pho (Pho Bo);https://www.yummly.com/recipe/Authentic-Vietnamese-Beef-Pho-_Pho-Bo_-2571491
Vietnamese;Vietnamese Pho Recipe (Vietnamese Beef Noodle Soup);https://www.yummly.com/recipe/Vietnamese-Pho-Recipe-_Vietnamese-Beef-Noodle-Soup_-1383349
Vietnamese;Pho {Vietnamese Beef Noodle Soup};https://www.yummly.com/recipe/Pho-_Vietnamese-Beef-Noodle-Soup_-2190408
Vietnamese;Vietnamese Spring Rolls;https://www.yummly.com/recipe/Vietnamese-Spring-Rolls-1124353
Vietnamese;Fresh and Easy Vietnamese Noodle Salad;https://www.yummly.com/recipe/Fresh-and-Easy-Vietnamese-Noodle-Salad-2278241
Vietnamese;Vietnamese Lemongrass Chicken;https://www.yummly.com/recipe/Vietnamese-Lemongrass-Chicken-1742161
Vietnamese;Easy Vietnamese Spring Roll;https://www.yummly.com/recipe/Easy-Vietnamese-Spring-Roll-1561064
Vietnamese;Pho (Vietnamese Noodle Soup);https://www.yummly.com/recipe/Pho-_Vietnamese-Noodle-Soup_-9096054
Vietnamese;Vietnamese Pho Soup;https://www.yummly.com/recipe/Vietnamese-Pho-Soup-2512022
Vietnamese;Shrimp Pho - Vietnamese Noodle Soup;https://www.yummly.com/recipe/Shrimp-Pho---Vietnamese-Noodle-Soup-2236354
Vietnamese;Grilled Vietnamese Chicken;https://www.yummly.com/recipe/Grilled-Vietnamese-Chicken-2729995
Vietnamese;Vietnamese Fresh Spring Rolls;https://www.yummly.com/recipe/Vietnamese-Fresh-Spring-Rolls-1261038
Vietnamese;Vietnamese Pho;https://www.yummly.com/recipe/Vietnamese-Pho-1628881
Vietnamese;Vietnamese Zoodle Pho;https://www.yummly.com/recipe/Vietnamese-Zoodle-Pho-2099167
Vietnamese;Vietnamese Pickles;https://www.yummly.com/recipe/Vietnamese-Pickles-1722946
Vietnamese;Easy Vietnamese Pho;https://www.yummly.com/recipe/Easy-Vietnamese-Pho-2547357
Vietnamese;Vietnamese Pulled Pork Lettuce Wraps;https://www.yummly.com/recipe/Vietnamese-Pulled-Pork-Lettuce-Wraps-2249565
Vietnamese;Vietnamese Healthy Spring Rolls With Peanut Butter Sauce;https://www.yummly.com/recipe/Vietnamese-Healthy-Spring-Rolls-With-Peanut-Butter-Sauce-1691015
Vietnamese;Bo Luc Lac (Vietnamese Shaking Beef);https://www.yummly.com/recipe/Bo-Luc-Lac-_Vietnamese-Shaking-Beef_-2378183
Vietnamese;Vietnamese Bowl;https://www.yummly.com/recipe/Vietnamese-Bowl-2664548
Vietnamese;Vietnamese Salad;https://www.yummly.com/recipe/Vietnamese-Salad-1478163
Vietnamese;Easy Vietnamese Pho Noodle Soup;https://www.yummly.com/recipe/Easy-Vietnamese-Pho-Noodle-Soup-2539599
Vietnamese;Vietnamese Lemongrass Chicken;https://www.yummly.com/recipe/Vietnamese-Lemongrass-Chicken-2731687
Vietnamese;Vietnamese Caramelized Ground Pork;https://www.yummly.com/recipe/Vietnamese-Caramelized-Ground-Pork-2093959
Vietnamese;Simple Vietnamese Pork Noodle Bowl;https://www.yummly.com/recipe/Simple-Vietnamese-Pork-Noodle-Bowl-1453725
Vietnamese;Vietnamese Chicken Vermicelli Salad;https://www.yummly.com/recipe/Vietnamese-Chicken-Vermicelli-Salad-1529632
Vietnamese;Pho Ga Vietnamese Chicken Noodle Soup;https://www.yummly.com/recipe/Pho-Ga-Vietnamese-Chicken-Noodle-Soup-975846
Vietnamese;Vietnamese Rice Paper Rolls;https://www.yummly.com/recipe/Vietnamese-Rice-Paper-Rolls-1550846
Vietnamese;Pho Ga (Vietnamese Chicken Noodle Soup);https://www.yummly.com/recipe/Pho-Ga-_Vietnamese-Chicken-Noodle-Soup_-2035544
Vietnamese;Vietnamese Lemongrass Chicken;https://www.yummly.com/recipe/Vietnamese-Lemongrass-Chicken-2555082
Vietnamese;Sticky Vietnamese Air Fryer Pork Ribs;https://www.yummly.com/recipe/Sticky-Vietnamese-Air-Fryer-Pork-Ribs-9372915
Vietnamese;Vietnamese Cucumber Salad;https://www.yummly.com/recipe/Vietnamese-Cucumber-Salad-9005807
Vietnamese;Vietnamese Caramelized Shrimp;https://www.yummly.com/recipe/Vietnamese-Caramelized-Shrimp-1022348
Vietnamese;Vietnamese Style Grilled Lemongrass Pork;https://www.yummly.com/recipe/Vietnamese-Style-Grilled-Lemongrass-Pork-1103724
Vietnamese;Vietnamese Chicken Salad;https://www.yummly.com/recipe/Vietnamese-Chicken-Salad-1261425
Vietnamese;Vietnamese Spring Rolls with Slow-Cooked Pork;https://www.yummly.com/recipe/Vietnamese-Spring-Rolls-with-Slow-Cooked-Pork-2248908
Vietnamese;Vietnamese Chicken Salad;https://www.yummly.com/recipe/Vietnamese-Chicken-Salad-460751
Vietnamese;Vietnamese Rolls;https://www.yummly.com/recipe/Vietnamese-Rolls-1618487
Vietnamese;Vietnamese Pork & Vermicelli Bowl;https://www.yummly.com/recipe/Vietnamese-Caramelized-Pork-AllRecipes
Vietnamese;Vietnamese Loaded Fries;https://www.yummly.com/recipe/Vietnamese-Loaded-Fries-1538485
Vietnamese;Vietnamese Spring Rolls;https://www.yummly.com/recipe/Vietnamese-Spring-Rolls-1037305
Vietnamese;Vietnamese Chicken Salad;https://www.yummly.com/recipe/Vietnamese-Chicken-Salad-1843284
Vietnamese;Vietnamese Spring Rolls;https://www.yummly.com/recipe/Vietnamese-Spring-Rolls-2520105
Vietnamese;Pho Bo (Vietnamese Beef Noodle Soup);https://www.yummly.com/recipe/Pho-Bo-_Vietnamese-Beef-Noodle-Soup_-1965955
Vietnamese;Vegetarian Vietnamese Pancakes;https://www.yummly.com/recipe/Vegetarian-Vietnamese-Pancakes-1620515
Greek;Baked Greek Chicken with Fresh Lemon and Dill;https://www.yummly.com/recipe/Baked-Greek-Chicken-with-Fresh-Lemon-and-Dill-9088936
Greek;Greek Chicken Rice Bowl;https://www.yummly.com/recipe/Greek-Chicken-Rice-Bowl-2154905
Greek;Easy Sheet Pan Greek Chicken;https://www.yummly.com/recipe/Easy-Sheet-Pan-Greek-Chicken-9351919
Greek;Greek Lemon Chicken and Potatoes;https://www.yummly.com/recipe/Greek-Lemon-Chicken-and-Potatoes-Both-Homers-Would-Love-This-2396003
Greek;Greek turkey burger;https://www.yummly.com/recipe/Greek-Turkey-Burgers-2728191
Greek;Greek Chicken Kabobs;https://www.yummly.com/recipe/Greek-Chicken-Kabobs-9061566
Greek;Greek Devil Gyro;https://www.yummly.com/recipe/Greek-Devil-Gyro-2036951
Greek;Traditional Greek Moussaka;https://www.yummly.com/recipe/Traditional-Greek-Moussaka-recipe-_Moussaka-with-Bechamel_-988176
Greek;Greek Gyro with Recipe with Homemade Gyro Meat;https://www.yummly.com/recipe/Greek-Gyro-Recipe-with-Homemade-Gyro-Meat-9282495
Greek;Greek Quesadillas;https://www.yummly.com/recipe/Greek-Quesadillas-9279821
Greek;Greek Orzo Salad;https://www.yummly.com/recipe/Greek-Orzo-Salad-1923995
Greek;Spanakopita;https://www.yummly.com/recipe/Spanakopita-1036900
Greek;Greek-style Octopus recipe (Xtapodi);https://www.yummly.com/recipe/Greek-style-Octopus-recipe-_Xtapodi_-2134747
Greek;Greek marinated grilled chicken;https://www.yummly.com/recipe/Greek-Marinated-Grilled-Chicken-1212656
Greek;Greek meatballs with Tzatziki Sauce;https://www.yummly.com/recipe/Greek-Meatballs-With-Tzatziki-Sauce-2534405
Greek;Greek Pastitsio;https://www.yummly.com/recipe/Greek-Pastitsio-958822
Greek;Greek Shrimps with Tomatoes and Feta;https://www.yummly.com/recipe/Greek-Shrimp-with-Tomatoes-_-Feta-2239381
Greek;Greek Salad;https://www.yummly.com/recipe/Greek-Salad-960496
Greek;Slow cooker greek chicken;https://www.yummly.com/recipe/Slow-Cooker-Greek-Chicken-2195470
Greek;Greek quinoa salad;https://www.yummly.com/recipe/Greek-Quinoa-Salad-2711802
Greek;Greek chickpea salad + Tzatziki Dressing;https://www.yummly.com/recipe/Greek-Chickpea-Salad-_-Tzatziki-Dressing-2708554
Greek;Greek lamp Souvlaki;https://www.yummly.com/recipe/Greek-Lamb-Souvlaki-Kebabs-2570802
Greek;Greek Lemon and Chicken Soup (Avgolemono Soup);https://www.yummly.com/recipe/Greek-Lemon-and-Chicken-Soup-_Avgolemono-Soup_-2241242
Greek;Spanakorizo (Greek Spinach Rice);https://www.yummly.com/recipe/Spanakorizo-_Greek-Spinach-Rice_-1438996
Greek;Greek Lemon Chicken Skewers With Tzatziki Sauce;https://www.yummly.com/recipe/Greek-Lemon-Chicken-Skewers-With-Tzatziki-Sauce-2537933
Greek;Greek Quinoa Bowls with Ground Lamb;https://www.yummly.com/pro/recipe/Greek-Quinoa-Bowls-with-Ground-Lamb-9153691
Greek;Vegetable Moussaka;https://www.yummly.com/recipe/Vegetable-Moussaka-1919856
Greek;Greek pork Souvlaki;https://www.yummly.com/recipe/Greek-Pork-Souvlaki-2476885
Greek;Greek chicken souvlaki;https://www.yummly.com/recipe/Greek-Chicken-Souvlaki-2384903
Greek;Greek style lemon potatoes;https://www.yummly.com/recipe/Greek-Style-Lemon-Potatoes-1678469
Greek;Greek fish soup;https://www.yummly.com/recipe/Greek-Fish-Soup-1201344
Greek;Greek Turkey and Rice Skillet;https://www.yummly.com/recipe/Greek-Turkey-and-Rice-Skillet-2430325
Greek;Greek chicken burgers;https://www.yummly.com/recipe/Greek-Chicken-Burgers-2658709
Greek;Greek beef stifado;https://www.yummly.com/recipe/GREEK-BEEF-STIFADO-2543402
Greek;Greek potato wedges with Yogurt Sauce;https://www.yummly.com/recipe/Greek-Potato-Wedges-with-Yogurt-Sauce-9078101
Greek;Greek pizza;https://www.yummly.com/recipe/Greek-pizza-333514
Greek;Chicken gyro with Tzatziki Sauce;https://www.yummly.com/recipe/Chicken-Gyro-with-Tzatziki-Sauce-2409222
Greek;Greek chicken pasta salad;https://www.yummly.com/recipe/Greek-Chicken-Pasta-Salad-2436379
Greek;Kleftiko – Greek Slow Cooked Lamb;https://www.yummly.com/recipe/Kleftiko-Greek-Slow-Cooked-Lamb-2334505
Greek;Greek turkey tacos;https://www.yummly.com/recipe/Greek-Turkey-Tacos-1525233
Greek;Slow Cooker Vegetarian Greek Lentil Soup with Tomatoes, Spinach, and Feta;https://www.yummly.com/recipe/Slow-cooker-vegetarian-greek-lentil-soup-with-tomatoes_-spinach_-and-feta-310383
Greek;Greek Egg and Lemon Soup with Chicken, Brown Rice, and Chickpeas;https://www.yummly.com/recipe/Greek-Egg-and-Lemon-Soup-with-Chicken_-Brown-Rice_-and-Chickpeas-1384228
Greek;Lamb gyros;https://www.yummly.com/recipe/Lamb-Gyros-1476361
Greek;Slow Cooker Greek Lamb Shanks;https://www.yummly.com/recipe/Slow-Cooker-Greek-Lamb-Shanks-2494340
Greek;Lamb meatballs;https://www.yummly.com/recipe/Lamb-meatballs-333990
Greek;Greek Spinach with White Beans and Feta;https://www.yummly.com/recipe/Greek-Spinach-with-White-Beans-and-Feta-9425309
Greek;Greek rack of lamb;https://www.yummly.com/recipe/Greek-Rack-Of-Lamb-9282442
Greek;Greek Turkey Meatball Gyro with Tzatziki;https://www.yummly.com/recipe/Greek-Turkey-Meatball-Gyro-with-Tzatziki-2533019
Greek;Greek Lentil Soup with Toasted Pita;https://www.yummly.com/recipe/Greek-Lentil-Soup-with-Toasted-Pita-1005003
Greek;Greek Loaded Fries With Garlic-scallion Sauce;https://www.yummly.com/recipe/Greek-Loaded-Fries-With-Garlic-scallion-Sauce-2469988
french;easy sweet potatoes au gratin;https://www.yummly.com/recipe/Easy-Sweet-Potatoes-Au-Gratin-2465576
french;quiche lorraine;https://www.yummly.com/recipe/Quiche-Lorraine-2465602
french;herbes de provence roasted chicken;https://www.yummly.com/recipe/Herbes-de-Provence-Roasted-Chicken-9085179
french;french onion soup;https://www.yummly.com/recipe/French-Onion-Soup-2233516
french;ratatouille;https://www.yummly.com/recipe/Ratatouille-2297524
french;prime rib with herbes de provence crust;https://www.yummly.com/recipe/Prime-Rib-with-Herbes-de-Provence-Crust-2483456
french;chicken casseur;https://www.yummly.com/recipe/Chicken-Chasseur-2322813
french;coq au vin;https://www.yummly.com/recipe/Coq-au-Vin-1575976
french;savory crepes;https://www.yummly.com/recipe/Savory-Crepes-1326965
french;skillet creamy french mustard chicken;https://www.yummly.com/recipe/Skillet-Creamy-French-Mustard-Chicken-2287205
french;french dip sandwich;https://www.yummly.com/recipe/French-Dip-Sandwich-507023
french;french fruit tart;https://www.yummly.com/recipe/French-Fruit-Tart-2399039
french;french onion soup pork chops;https://www.yummly.com/recipe/French-Onion-Soup-Pork-Chops-2191030
french;ham stacks au gratin with thyme;https://www.yummly.com/recipe/Ham-Stacks-Au-Gratin-with-Thyme-1585338
french;french onion chicken;https://www.yummly.com/recipe/French-Onion-Chicken-9167340
french;tomatos provencal;https://www.yummly.com/recipe/Tomatoes-Provencal-2207816
french;braised beef;https://www.yummly.com/recipe/Braised-Beef-9127012
french;french dip au jus;https://www.yummly.com/recipe/French-Dip-Au-Jus-1443269
french;french almond cake;https://www.yummly.com/recipe/French-Almond-Cake-2119567
french;rustic french apple tart;https://www.yummly.com/recipe/Rustic-French-Apple-Tart-2243120
french;french spaghetti;https://www.yummly.com/recipe/French-Spaghetti-9075654
french;coq au vin blanc;https://www.yummly.com/recipe/Coq-Au-Vin-Blanc-1002932
french;cream puffs;https://www.yummly.com/recipe/Cream-Puffs-2181416
french;classic eclair;https://www.yummly.com/recipe/Classic-Eclair-2581449
french;creamy french mustard chicken;https://www.yummly.com/recipe/Creamy-French-Mustard-Chicken-2596155
french;coq au vin;https://www.yummly.com/recipe/Coq-Au-Vin-2072538
french;chicken cordon bleu casserole;https://www.yummly.com/recipe/Chicken-Cordon-Bleu-Casserole-474602
french;au gratin potatoes;https://www.yummly.com/recipe/Au-Gratin-Potatoes-2660911
french;mushroom leek tart;https://www.yummly.com/recipe/Mushroom-Leek-Tart-2206144
french;crepes with goat cheese and strawberry rhubarb sauce;https://www.yummly.com/recipe/Crepes-with-Goat-Cheese-and-Strawberry-Rhubarb-Sauce-2157802
french;boef bourguignon;https://www.yummly.com/recipe/Boeuf-Bourguignon-1484807
french;blueberry clafouti;https://www.yummly.com/recipe/Blueberry-Clafouti-1617904
french;brussels sprouts au gratin;https://www.yummly.com/recipe/Brussels-Sprouts-Au-Gratin-2432568
french;national coq au vin day | julia child's coq au vin;https://www.yummly.com/recipe/National-Coq-Au-Vin-Day-_-Julia-Child_s-Coq-Au-Vin-1133790
french;jumbo lump crab au gratin ;https://www.yummly.com/recipe/Jumbo-Lump-Crab-Au-Gratin-2704886
french;layered ratatoullie;https://www.yummly.com/recipe/Layered-Ratatouille-643590
french;nicoise salad;https://www.yummly.com/recipe/Nicoise-Salad-2386637
french;cassoulet;https://www.yummly.com/recipe/Cassoulet-2644233
french;beef wellington with cognac sauce;https://www.yummly.com/recipe/Beef-Wellington-with-Cognac-Sauce-2531670
french;ratatouille tart;https://www.yummly.com/recipe/Ratatouille-Tart-2531692
french;apple ginger galette;https://www.yummly.com/recipe/Apple-Ginger-Galette-2531667
french;almond milk crepes;https://www.yummly.com/recipe/Almond-Milk-Crepes-9164311
french;chicken cordon bleu;https://www.yummly.com/recipe/Chicken-Cordon-Bleu-2531673
french;pear clafouti;https://www.yummly.com/recipe/Pear-Clafouti-9164325
french;french bouillabaisse;https://www.yummly.com/recipe/French-Bouillabaisse-1616531
french;grilled chicken nicoise salad;https://www.yummly.com/recipe/Grilled-Chicken-Nicoise-Salad-1719797
french;beef wellington;https://www.yummly.com/recipe/Beef-Wellington-9276620
french;white chocolate peppermint pots de créme;https://www.yummly.com/recipe/White-Chocolate-Peppermint-Pots-de-Creme-2099229
french;tueesday night cassoulet;https://www.yummly.com/recipe/Tuesday-Night-Cassoulet-2098654
french;macaron;https://www.yummly.com/recipe/Macaron-9049010
korean;korean pork chops;https://www.yummly.com/recipe/Korean-Pork-Chops-2249749
korean;easy korean sticky chicken;https://www.yummly.com/recipe/Easy-Korean-Sticky-Chicken-9101934
korean;korean ground turkey rice bowls;https://www.yummly.com/recipe/Korean-Ground-Turkey-Rice-Bowls-9097946
korean;korean bulgogi;https://www.yummly.com/recipe/Korean-Bulgogi-9097947
korean;korean glazed chicken drumsticks;https://www.yummly.com/recipe/Korean-Glazed-Chicken-Drumsticks-2697936
korean;korean beef bulgogi;https://www.yummly.com/recipe/Korean-beef-Bulgogi-2171116
korean;korean vegetarian beef;https://www.yummly.com/recipe/Korean-Vegetarian-Beef-2681632
korean;korean ground beef bowl;https://www.yummly.com/recipe/Korean-Ground-Beef-Bowl-2640708
korean;korean beef bowl;https://www.yummly.com/recipe/Korean-Beef-Bowls-2375420
korean;korean fried chicken;https://www.yummly.com/recipe/Korean-Fried-Chicken-9170533
korean;spicy korean pork skewers ;https://www.yummly.com/recipe/Spicy-Korean-Pork-Skewers-2261314
korean;korean bbq sauce;https://www.yummly.com/recipe/Korean-BBQ-Sauce-1001703
korean;slow cooker korean beef;https://www.yummly.com/recipe/Slow-Cooker-Korean-Beef-2313129
korean;korean fried chicken;https://www.yummly.com/recipe/Korean-Fried-Chicken-9091453
korean;pajeon (korean scallion pancake);https://www.yummly.com/recipe/Pajeon-_Korean-Scallion-Pancake_-497020
korean;korean bbq pork chop;https://www.yummly.com/recipe/Korean-BBQ-Pork-Chop-2157814
korean;korean pork bulgogi;https://www.yummly.com/recipe/Korean-Pork-Bulgogi-2266031
korean;impossible korean tacos;https://www.yummly.com/recipe/Impossible-Korean-Tacos-9382093
korean;bulgogi - korean beef bbq;https://www.yummly.com/recipe/Bulgogi-Korean-Beef-BBQ-__-930557
korean;sweet korean lentils;https://www.yummly.com/recipe/Sweet-Korean-Lentils-2241335
korean;korean beef tacos;https://www.yummly.com/recipe/Korean-Beef-Tacos-2679727
korean;korean beef bowls;https://www.yummly.com/recipe/Korean-Beef-Bowls-2181226
korean;spicy korean pork bulgogi;https://www.yummly.com/recipe/Spicy-Korean-Pork-Bulgogi-9011452
korean;korean bbq marinade;https://www.yummly.com/recipe/Korean-BBQ-Marinade-2593253
korean;korean short rib tacos;https://www.yummly.com/pro/recipe/Korean-Short-Rib-Tacos-2627671
korean;korean-style short ribs;https://www.yummly.com/recipe/Korean-Style-Short-Ribs-764608
korean;galbi korean marinated short ribs;https://www.yummly.com/pro/recipe/Galbi-Korean-Marinated-Short-Ribs-2627669
korean;korean bbq burrito;https://www.yummly.com/recipe/Korean-BBQ-Burrito-2239437
korean;korean tacos;https://www.yummly.com/recipe/Korean-Tacos-1611351
korean;korean fried chicken;https://www.yummly.com/recipe/Korean-Fried-Chicken-1189027
korean;jap chae - korean glass noodles;https://www.yummly.com/recipe/Jap-Chae-_-Chap-Chae---Korean-Glass-Noodles-1455943
korean;korean spicy pork (jeyuk bokkeum);https://www.yummly.com/recipe/Korean-Spicy-Pork-_-Jeyuk-bokkeum_-1460847
korean;korean popcorn chicken;https://www.yummly.com/recipe/Korean-Popcorn-Chicken-2436515
korean;mandu ;https://www.yummly.com/recipe/Mandu-Recipe-_Korean-Dumplings_-496808
korean;korean barbecue sauce;https://www.yummly.com/recipe/Korean-Barbecue-Sauce-2632607
korean;korean street cheese corn dogs;https://www.yummly.com/recipe/Korean-Street-Cheese-Corn-Dogs-2309605
korean;spicy korean-style meatball bowl;https://www.yummly.com/recipe/Spicy-Korean-style-Meatball-Bowl-1585349
korean;sweet korean paelo chicken thights;https://www.yummly.com/recipe/Sweet-Korean-Paleo-Chicken-Thighs-2151187
korean;korean steak kabobs;https://www.yummly.com/recipe/Korean-Steak-Kabobs-2173105
korean;korean grilled chicken breasts;https://www.yummly.com/recipe/Korean-Grilled-Chicken-Breasts-2258051
korean;korean beef lettuce wraps;https://www.yummly.com/recipe/Korean-Beef-Lettuce-Wraps-2092823
korean;korean spicy topokki;https://www.yummly.com/recipe/Korean-Spicy-Topokki-1002403
korean;korean kimchi stew with tofu ;https://www.yummly.com/recipe/Korean-Kimchi-Stew-with-Tofu-779012
korean;korean cheese katsu;https://www.yummly.com/recipe/Korean-Cheese-Katsu-9348510
korean;sheet-pan korean pork chops;https://www.yummly.com/recipe/Sheet-Pan-Korean-Pork-Chops-9061616
korean;bibimbap (korean mixed rice);https://www.yummly.com/recipe/Bibimbap-_Korean-Mixed-Rice_-1622764
korean;korean vegetable pancakes;https://www.yummly.com/recipe/Korean-Vegetable-Pancakes-2673246
korean;instant pot korean beef;https://www.yummly.com/recipe/Instant-Pot-Korean-Beef-2440404
korean;korean beef stir fry;https://www.yummly.com/recipe/Korean-Beef-Stir-Fry-9358281
korean;korean kimchi scallion pancakes;https://www.yummly.com/recipe/Korean-Kimchi-Scallion-Pancakes-2099174
Italian;Pizza Hut Original Pan Pizza;https://www.yummly.com/recipe/Pizza-Hut-Original-Pan-Pizza-946563
Italian;Recipe For Mushroom Risotto (Creamy Mushroom Risotto);https://www.yummly.com/recipe/Recipe-For-Mushroom-Risotto-_Creamy-Mushroom-Risotto_-9148763
Italian;Risotto;https://www.yummly.com/recipe/Risotto-2621000
Italian;Mushroom Risotto;https://www.yummly.com/recipe/Mushroom-Risotto-Simply-Recipes-42690
Italian;Parmesan Risotto;https://www.yummly.com/recipe/Parmesan-Risotto-2531822
Italian;Chicken Parmesan;https://www.yummly.com/recipe/Chicken-Parmesan-2725156
Italian;Baked Chicken Parmesan;https://www.yummly.com/recipe/Baked-Chicken-Parmesan-9083663
Italian;Baked Chicken Parmesan;https://www.yummly.com/recipe/Baked-Chicken-Parmesan-2254766
Italian;Lasagna;https://www.yummly.com/recipe/Lasagna-2592285
Italian;White Sauce Lasagna (Lasagna Bianca);https://www.yummly.com/recipe/White-Sauce-Lasagna-_Lasagna-Bianca_-2242039
Italian;Vegetable Lasagna;https://www.yummly.com/recipe/Vegetable-Lasagna-1279846
Italian;Chicken Parmesan Casserole;https://www.yummly.com/recipe/Chicken-Parmesan-Casserole-2462203
Italian;Prawn Risotto Recipe (AKA Shrimp Risotto);https://www.yummly.com/recipe/Prawn-Risotto-Recipe-_AKA-Shrimp-Risotto_-9125718
Italian;Really Easy Mushroom Risotto;https://www.yummly.com/recipe/Really-Easy-Mushroom-Risotto-2347281
Italian;Best Lasagna With Meat Sauce- Perfect Lasagna;https://www.yummly.com/recipe/Best-Lasagna-With-Meat-Sauce--Perfect-Lasagna-2283716
Italian;Classic Lasagna;https://www.yummly.com/recipe/Classic-Lasagna-2170051
Italian;Three Cheese Broken Lasagna;https://www.yummly.com/recipe/Three-Cheese-Broken-Lasagna-9163726
Italian;Vegan Spinach Lasagna;https://www.yummly.com/recipe/Vegan-Spinach-Lasagna-2684091
Italian;Pizza Garlic Bread;https://www.yummly.com/recipe/Pizza-Garlic-Bread-9073071
Italian;Paleo Pizza Crust & Breakfast Pizza;https://www.yummly.com/recipe/Paleo-Pizza-Crust-_-Breakfast-Pizza-755313
Italian;Sheet Pan Pizza Chicken;https://www.yummly.com/recipe/Sheet-Pan-Pizza-Chicken-9116048
Italian;Seafood Risotto (Risotto Ai Frutti Di Mare);https://www.yummly.com/recipe/Seafood-Risotto-_Risotto-Ai-Frutti-Di-Mare_-9102889
Italian;Wild Mushroom Risotto;https://www.yummly.com/recipe/Wild-Mushroom-Risotto-9198461
Italian;Oven-Baked Chicken Parmesan;https://www.yummly.com/recipe/Oven-Baked-Chicken-Parmesan-1199948
Italian;Eggplant Chicken Parmesan;https://www.yummly.com/recipe/Eggplant-Chicken-Parmesan-1895557
Italian;Chicken Parmesan Meatballs;https://www.yummly.com/recipe/Chicken-Parmesan-Meatballs-9094949
Italian;Easy Baked Spaghetti;https://www.yummly.com/recipe/Easy-Baked-Spaghetti-2684078
Italian;Italian Crescent Casserole;https://www.yummly.com/recipe/Italian-Crescent-Casserole-9083675
Italian;Eggplant Cacciatore;https://www.yummly.com/recipe/Eggplant-Cacciatore-2207934
Italian;Easy Italian Roast Beef;https://www.yummly.com/recipe/Easy-Italian-Roast-Beef-9085170
Italian;Antipasto Platter;https://www.yummly.com/recipe/Antipasto-Platter-2417793
Italian;Tomato Rosemary Focaccia;https://www.yummly.com/recipe/Tomato-Rosemary-Focaccia-1213344
Italian;Tagliatelle Bolognese;https://www.yummly.com/recipe/Tagliatelle-Bolognese-2641305
Italian;One Pot Spaghetti Aglio e Olio;https://www.yummly.com/recipe/One-Pot-Spaghetti-Aglio-e-Olio-2536973
Italian;Spaghetti alla Carbonara;https://www.yummly.com/recipe/Spaghetti-alla-Carbonara-2330922
Italian;Ricotta And Spinach Cannelloni;https://www.yummly.com/recipe/Ricotta-And-Spinach-Cannelloni-611027
Italian;Capellini with Fresh Tomatoes and Basil;https://www.yummly.com/recipe/Capellini-with-Fresh-Tomatoes-and-Basil-1598639
Italian;Skillet Tortellini with Sausage and Pesto;https://www.yummly.com/recipe/Skillet-Tortellini-with-Sausage-and-Pesto-678049
Italian;Tuscan Gnocchi;https://www.yummly.com/recipe/Tuscan-Gnocchi-2625090
Italian;Tiramisu;https://www.yummly.com/recipe/Tiramisu-2155382
Italian;Minestrone Soup;https://www.yummly.com/recipe/Minestrone-Soup-1861310
Italian;Instant Pot Creamy Tuscan Chicken Pasta;https://www.yummly.com/recipe/Instant-Pot-Creamy-Tuscan-Chicken-Pasta-2472789
Italian;Bruschetta;https://www.yummly.com/recipe/Bruschetta-9100008
Italian;Chicken Saltimbocca;https://www.yummly.com/recipe/Chicken-Saltimbocca-1817441
Italian;Sicilian Caponata;https://www.yummly.com/recipe/Sicilian-Caponata-1200228
Italian;Creamy Caprese Pasta;https://www.yummly.com/recipe/Creamy-caprese-pasta-333554
Italian;Cajun Chicken Alfredo;https://www.yummly.com/recipe/Cajun-Chicken-Alfredo-2487619
Italian;Italian Pasta Salad;https://www.yummly.com/recipe/Italian-Pasta-Salad-9104504
Italian;Simple Caprese Salad;https://www.yummly.com/recipe/Simple-Caprese-Salad-512034
Italian;Easy Garlic Parmesan Knots;https://www.yummly.com/recipe/Easy-Garlic-Parmesan-Knots-555434
Thai;Thai-Style Beef and Broccoli Curry;https://www.yummly.com/recipe/Thai-Style-Beef-and-Broccoli-Curry-1361041
Thai;Skinny Thai Chicken Meatballs with Peanut Sauce;https://www.yummly.com/recipe/Skinny-Thai-Chicken-Meatballs-with-Peanut-Sauce-2420659
Thai;Mussels Thai Style;https://www.yummly.com/recipe/Mussels-Thai-Style-2719701
Thai;Pad Thai Soup;https://www.yummly.com/recipe/Pad-Thai-Soup-981689
Thai;One-Pot Thai Spicy Shrimp and Rice;https://www.yummly.com/recipe/One-Pot-Thai-Spicy-Shrimp-and-Rice-2638262
Thai;Thai Holy Basil Pork;https://www.yummly.com/recipe/Thai-Holy-Basil-Pork-1622758
Thai;Tom Kha Gai (Thai Coconut Chicken Soup);https://www.yummly.com/recipe/Tom-Kha-Gai-_Thai-Coconut-Chicken-Soup_-2106392
Thai;Thai Chicken Lettuce Wraps;https://www.yummly.com/recipe/Thai-Chicken-Lettuce-Wraps-1087592
Thai;Thai Chicken & Ginger Stir-fry;https://www.yummly.com/recipe/Thai-Chicken-_-Ginger-Stir-fry-9066075
Thai;30 Minute Thai Peanut Chicken Ramen;https://www.yummly.com/recipe/30-Minute-Thai-Peanut-Chicken-Ramen-9120793
Thai;Instant Pot Thai Pork-Chop Curry;https://www.yummly.com/recipe/Instant-Pot-Thai-Pork-Chop-Curry-9055595
Thai;Thai BBQ Chicken;https://www.yummly.com/recipe/Thai-BBQ-Chicken-1837610
Thai;Low Carb Thai Coconut Soup;https://www.yummly.com/recipe/Low-Carb-Thai-Coconut-Soup-2324239
Thai;Healthy Thai Sesame Patties;https://www.yummly.com/recipe/Healthy-Thai-Sesame-Patties-677352
Thai;Thai Chicken With Cashews;https://www.yummly.com/recipe/Thai-Chicken-With-Cashews-2605498
Thai;Thai Cucumber Salad;https://www.yummly.com/recipe/Thai-Cucumber-Salad-1126091
Thai;Thai Massaman Curry;https://www.yummly.com/recipe/Thai-Massaman-Curry-579226
Thai;Thai Tom Yum Soup with Shrimp;https://www.yummly.com/recipe/Thai-Tom-Yum-Soup-with-Shrimp-9168162
Thai;Thai Shrimp and Pineapple Fried Rice;https://www.yummly.com/recipe/Thai-Shrimp-and-Pineapple-Fried-Rice-748257
Thai;Thai Watermelon Salad;https://www.yummly.com/recipe/Thai-Watermelon-Salad-2105138
Thai;Thai Drunken Noodles with Chicken;https://www.yummly.com/recipe/Thai-Drunken-Noodles-with-Chicken-2580379
Thai;Quinoa Summer Rolls with a Thai Peanut Sauce;https://www.yummly.com/recipe/Quinoa-Summer-Rolls-with-a-Thai-Peanut-Sauce-1166493
Thai;Thai Stir-Fried Pork with Lime and Mint (Traditional Thai);https://www.yummly.com/recipe/Thai-Stir-Fried-Pork-with-Lime-and-Mint-_Traditional-Thai_-1088079
Thai;Pad Thai with Shirataki Noodles/Miracle Noodles;https://www.yummly.com/recipe/Pad-Thai-with-Shirataki-Noodles_Miracle-Noodles-574255
Thai;Healthy Thai Turkey Patty Lettuce Wraps;https://www.yummly.com/recipe/Healthy-Thai-Turkey-Patty-Lettuce-Wraps-9124895
Thai;Thai Spicy Pumpkin Soup;https://www.yummly.com/recipe/Thai-Spicy-Pumpkin-Soup-2677521
Thai;Thai Beef Basil;https://www.yummly.com/recipe/Thai-Beef-Basil-2494033
Thai;Thai Chicken Quinoa Bowl;https://www.yummly.com/recipe/Thai-chicken-quinoa-bowl-336044
Thai;Thai Coconut Curry Chicken;https://www.yummly.com/recipe/Thai-Coconut-Curry-Chicken-1871902
Thai;Chopped Thai Chicken Salad;https://www.yummly.com/recipe/Chopped-Thai-Chicken-Salad-2438053
Thai;Thai Chicken Ramen;https://www.yummly.com/recipe/Thai-Chicken-Ramen-1922996
Thai;The Best Thai Curry-Peanut Sauce;https://www.yummly.com/recipe/The-Best-Thai-Curry-Peanut-Sauce-2068503
Thai;Grilled Thai Chicken;https://www.yummly.com/recipe/Grilled-Thai-Chicken-1640077
Thai;Thai Noodle Salad;https://www.yummly.com/recipe/Thai-Noodle-Salad-1189155
Thai;Thai Chicken with Basil;https://www.yummly.com/recipe/Thai-Chicken-with-Basil-2049286
Thai;Thai Coconut Curry Soup;https://www.yummly.com/recipe/Thai-Coconut-Curry-Soup-9153629
Thai;Thai Peanut Dipping Sauce;https://www.yummly.com/recipe/Thai-Peanut-Dipping-Sauce-9193858
Thai;Thai Curry Chicken Meatballs;https://www.yummly.com/recipe/Thai-Curry-Chicken-Meatballs-2616999
Thai;Thai Yellow Curry;https://www.yummly.com/recipe/Thai-Yellow-Curry-2727269
Thai;Thai Crack Sauce;https://www.yummly.com/recipe/Thai-Crack-Sauce-9192040
Thai;Crockpot Thai Sweet Chili Ribs;https://www.yummly.com/recipe/Crockpot-Thai-Sweet-Chili-Ribs-1187057
Thai;Thai Red Chicken Curry;https://www.yummly.com/recipe/Thai-Red-Chicken-Curry-1337207
Thai;Thai Mango Sticky Rice;https://www.yummly.com/recipe/Thai-Mango-Sticky-Rice-2482258
Thai;Thai Basil Pesto;https://www.yummly.com/recipe/Thai-Basil-Pesto-1276315
Thai;Spicy Thai Chicken Noodle Soup;https://www.yummly.com/recipe/Spicy-Thai-Chicken-Noodle-Soup-1882072
Thai;Thai Chicken Satay;https://www.yummly.com/recipe/Thai-Chicken-Satay-9081664
Thai;Thai Red Curry Chicken;https://www.yummly.com/recipe/Thai-Red-Curry-Chicken-2532507
Thai;Skinny Thai Chicken Meatballs with Peanut Sauce;https://www.yummly.com/recipe/Skinny-Thai-Chicken-Meatballs-with-Peanut-Sauce-2420660
Thai;Mussels Thai Style;https://www.yummly.com/recipe/Mussels-Thai-Style-2719702
Thai;Pad Thai Soup;https://www.yummly.com/recipe/Pad-Thai-Soup-981690
Chinese;BEST_CHINESE_STIR_FRY_SAUCE;https://www.yummly.com/recipe/BEST-CHINESE-STIR-FRY-SAUCE-1713840
Chinese;Chinese_Chicken_Thighs;https://www.yummly.com/recipe/Chinese-Chicken-Thighs-2691073
Chinese;Chinese_Fried_Rice;https://www.yummly.com/recipe/Chinese-Fried-Rice-2559852
Chinese;Chinese_Beef_and_Broccoli;https://www.yummly.com/recipe/Chinese-Beef-and-Broccoli-2172598
Chinese;BEST_CHINESE_STIR_FRY_SAUCE;https://www.yummly.com/recipe/BEST-CHINESE-STIR-FRY-SAUCE-9266037
Chinese;Chinese_Chicken_and_Broccoli;https://www.yummly.com/recipe/Chinese-Chicken-and-Broccoli-2632338
Chinese;Chinese_Honey_Chicken;https://www.yummly.com/recipe/Chinese-Honey-Chicken-631474
Chinese;Classic_Chinese_Chow_Mein;https://www.yummly.com/recipe/Classic-Chinese-Chow-Mein-2217121
Chinese;Chinese_Hoisin_Pork_Ribs;https://www.yummly.com/recipe/Chinese-Hoisin-Pork-Ribs-2436619
Chinese;Chinese_Broccoli_Beef;https://www.yummly.com/recipe/Chinese-Broccoli-Beef-2306934
Chinese;Classic_Chinese_Pepper_Steak;https://www.yummly.com/recipe/Classic-Chinese-Pepper-Steak-2648656
Chinese;The_BEST_Chinese_Crispy_Meat_Beef_Pies;https://www.yummly.com/recipe/The-BEST-Chinese-Crispy-Meat-Beef-Pies-9395855
Chinese;Classic_Pork_Fried_Rice_-_A_Chinese_Takeout_favorite;https://www.yummly.com/recipe/Classic-Pork-Fried-Rice---A-Chinese-Takeout-favorite-2721368
Chinese;Egg_Fried_Rice_-_An_Easy_Chinese;https://www.yummly.com/recipe/Egg-Fried-Rice---An-Easy-Chinese-2723886
Chinese;Chinese_Pork_Dumplings;https://www.yummly.com/recipe/Chinese-Pork-Dumplings-2248178
Chinese;Sesame_Chinese_Chicken_with_Rice;https://www.yummly.com/recipe/Sesame-Chinese-Chicken-with-Rice-1891514
Chinese;Chinese_Egg_Rolls;https://www.yummly.com/recipe/Chinese-Egg-Rolls-2642239
Chinese;Chinese_Fried_Noodles;https://www.yummly.com/recipe/Chinese-Fried-Noodles-1620830
Chinese;Sticky_Chinese_Pork_Belly;https://www.yummly.com/recipe/Sticky-Chinese-Pork-Belly-2560616
Chinese;Fried_Chicken_Wings,_Chinese_Takeout_Style;https://www.yummly.com/recipe/Fried-Chicken-Wings_-Chinese-Takeout-Style-2706672
Chinese;Chinese_Chicken_Thighs;https://www.yummly.com/recipe/Chinese-Chicken-Thighs-2691073
Chinese;Chinese_Fried_Rice;https://www.yummly.com/recipe/Chinese-Fried-Rice-2559852
Chinese;Chinese_Orange_Chicken;https://www.yummly.com/recipe/Chinese-Orange-Chicken-2405972
Chinese;Chinese_Honey_Chicken;https://www.yummly.com/recipe/Chinese-Honey-Chicken-631474
Chinese;Chinese_Chicken_and_Broccoli;https://www.yummly.com/recipe/Chinese-Chicken-and-Broccoli-2632338
Chinese;Classic_Chinese_Chow_Mein;https://www.yummly.com/recipe/Classic-Chinese-Chow-Mein-2217121
Chinese;Chinese_Hoisin_Pork_Ribs;https://www.yummly.com/recipe/Chinese-Hoisin-Pork-Ribs-2436619
Chinese;Chinese_Broccoli_Beef;https://www.yummly.com/recipe/Chinese-Broccoli-Beef-2306934
Chinese;Classic_Chinese_Pepper_Steak;https://www.yummly.com/recipe/Classic-Chinese-Pepper-Steak-2648656
Chinese;Egg_Fried_Rice_-_An_Easy_Chinese;https://www.yummly.com/recipe/Egg-Fried-Rice---An-Easy-Chinese-2723886
Chinese;Classic_Pork_Fried_Rice_-_A_Chinese_Takeout_favorite;https://www.yummly.com/recipe/Classic-Pork-Fried-Rice---A-Chinese-Takeout-favorite-2721368
Chinese;Chinese_Pork_Dumplings;https://www.yummly.com/recipe/Chinese-Pork-Dumplings-2248178
Chinese;Chinese_Egg_Rolls;https://www.yummly.com/recipe/Chinese-Egg-Rolls-2642239
Chinese;Chinese_Fried_Noodles;https://www.yummly.com/recipe/Chinese-Fried-Noodles-1620830
Chinese;Sesame_Chinese_Chicken_with_Rice;https://www.yummly.com/recipe/Sesame-Chinese-Chicken-with-Rice-1891514
Chinese;Sticky_Chinese_Pork_Belly;https://www.yummly.com/recipe/Sticky-Chinese-Pork-Belly-2560616
Chinese;Fried_Chicken_Wings,_Chinese_Takeout_Style;https://www.yummly.com/recipe/Fried-Chicken-Wings_-Chinese-Takeout-Style-2706672
Chinese;Chinese_BBQ_Pork;https://www.yummly.com/recipe/Chinese-BBQ-Pork-2634870
Chinese;Fried_Rice_-_How_To_Make_Fried_Rice_-_Chinese;https://www.yummly.com/recipe/Fried-Rice---How-To-Make-Fried-Rice---Chinese-1927968
Chinese;Chinese_Orange_Chicken;https://www.yummly.com/recipe/Chinese-Orange-Chicken-2221414
Chinese;Chinese_Egg_Rolls;https://www.yummly.com/recipe/Chinese-Egg-Rolls-2642239
Chinese;Chinese_Chicken_and_Broccoli;https://www.yummly.com/recipe/Chinese-Chicken-and-Broccoli-9030166
Chinese;Chinese_Shrimp_and_Broccoli_Stir_Fry;https://www.yummly.com/recipe/Chinese-Shrimp-and-Broccoli-Stir-Fry-2635076
Chinese;Healthy_Chicken_and_Broccoli_Stir-fry;https://www.yummly.com/recipe/Healthy-Chicken-and-Broccoli-Stir-fry-1230379
Chinese;6-Ingredient_Chinese_Chicken;https://www.yummly.com/recipe/6-Ingredient-Chinese-Chicken-2258228
Chinese;How_to_make_Chinese_dumpling_wrappers;https://www.yummly.com/recipe/How-to-make-Chinese-dumpling-wrappers-661738
Chinese;Chinese_Egg_Drop_Soup;https://www.yummly.com/recipe/Chinese-Egg-Drop-Soup-2098667
Chinese;Chinese_Chicken_Salad;https://www.yummly.com/recipe/Chinese-Chicken-Salad-2067135
Chinese;Chinese_Green_Beans_with_Ground_Turkey;https://www.yummly.com/recipe/Chinese-Green-Beans-with-Ground-Turkey-2631840
Chinese;Chinese_Chicken_Stir_Fry;https://www.yummly.com/recipe/Chinese-Chicken-Stir-Fry-2509381
Chinese;Chinese_Chicken_Salad;https://www.yummly.com/recipe/Chinese-Chicken-Salad-2285223
Chinese;Shrimp_Egg_Foo_Young_-_How_to_make_Egg_Foo_Young_-_Chinese_Food;https://www.yummly.com/recipe/Shrimp-Egg-Foo-Young---How-to-make-Egg-Foo-Young---Chinese-Food-1927865
Chinese;Chinese_Orange_Chicken;https://www.yummly.com/recipe/Chinese-Orange-Chicken-2405972
Chinese;Chinese_Chicken_and_Broccoli_|_Keto,_Low_Calorie;https://www.yummly.com/recipe/Chinese-Chicken-and-Broccoli-_-Keto_-Low-Calorie-2492506
Chinese;Chinese_Pepper_Steak;https://www.yummly.com/recipe/Chinese-Pepper-Steak-9043129
Chinese;Chinese_Lemon_Chicken;https://www.yummly.com/recipe/Chinese-Lemon-Chicken-2559247
Chinese;Chinese_Beef_and_Broccoli;https://www.yummly.com/recipe/Chinese-Beef-and-Broccoli-2172598
Chinese;Chinese_Chicken_Thighs;https://www.yummly.com/recipe/Chinese-Chicken-Thighs-2691073
Chinese;Chinese_Fried_Rice;https://www.yummly.com/recipe/Chinese-Fried-Rice-2559852
Chinese;Chinese_Chicken_and_Broccoli;https://www.yummly.com/recipe/Chinese-Chicken-and-Broccoli-2632338
Iberic;Best_Portuguese_Kale_Soup;https://www.yummly.com/recipe/Best-Portuguese-Kale-Soup-9108581
Iberic;Best_Portuguese_Chourico_Sandwiches_Ever_(Family_Recipe);https://www.yummly.com/recipe/Best-Portuguese-Chourico-Sandwiches-Ever-_Family-Recipe_-9218418
Iberic;Portuguese_Orange_Cake;https://www.yummly.com/recipe/Portuguese-Orange-Cake-2312600
Iberic;Portuguese_Kale_Soup;https://www.yummly.com/recipe/Portuguese-Kale-Soup-1419324
Iberic;Portuguese_Egg_Tart;https://www.yummly.com/recipe/Portuguese-Egg-Tart-1288384
Iberic;French_toast_(Portuguese_style);https://www.yummly.com/recipe/French-toast-_Portuguese-style_-1434983
Iberic;Portuguese_Beans_With_Linguiça;https://www.yummly.com/recipe/Portuguese-Beans-With-Linguica-2276018
Iberic;Portuguese_Baked_Fish;https://www.yummly.com/recipe/Portuguese-Baked-Fish-9175249
Iberic;Portuguese_Style_Baked_Eggs;https://www.yummly.com/recipe/Portuguese-Style-Baked-Eggs-2059832
Iberic;Portuguese_Fish_Stew;https://www.yummly.com/recipe/Portuguese-fish-stew-306395
Iberic;Portuguese_Rolls_–_Papo_Secos;https://www.yummly.com/recipe/Portuguese-Rolls-Papo-Secos-1956872
Iberic;Peri-peri_Chicken,_the_Spicy_Portuguese_Chicken;https://www.yummly.com/recipe/Peri-peri-Chicken_-the-Spicy-Portuguese-Chicken-2719184
Iberic;Portuguese_Bacalhau;https://www.yummly.com/recipe/Portuguese-Bacalhau-9295699
Iberic;Portuguese_Grilled_Pork_Ribs;https://www.yummly.com/recipe/Portuguese-Grilled-Pork-Ribs-1557482
Iberic;Nando’s_Portuguese_Spicy_Rice;https://www.yummly.com/recipe/Nandos-Portuguese-Spicy-Rice-2614104
Iberic;Portuguese_Sweet_Bread;https://www.yummly.com/recipe/Portuguese-Sweet-Bread-1029132
Iberic;Portuguese_Scallops;https://www.yummly.com/recipe/Portuguese-Scallops-2583992
Iberic;Portuguese_Spicy_Shrimp_|_Camarao_Mozambique;https://www.yummly.com/recipe/Portuguese-Spicy-Shrimp-_-Camarao-Mozambique-1797352
Iberic;Portuguese_Style_Parisienne_Potatoes;https://www.yummly.com/recipe/Portuguese-Style-Parisienne-Potatoes-2418140
Iberic;Portuguese_Daisy;https://www.yummly.com/recipe/Portuguese-Daisy-1051247
Iberic;Best_Spanish_Tortilla;https://www.yummly.com/recipe/Best-Spanish-Tortilla-2540433
Iberic;The_Best_Spanish_Gazpacho;https://www.yummly.com/recipe/The-Best-Spanish-Gazpacho-1521593
Iberic;Spanish_Rice;https://www.yummly.com/recipe/Spanish-Rice-2684854
Iberic;Spanish-Style_Pork_Tenderloin;https://www.yummly.com/recipe/Spanish-Style-Pork-Tenderloin-2249642
Iberic;Spanish_Rice_And_Beans;https://www.yummly.com/recipe/Spanish-Rice-And-Beans-9187815
Iberic;Spanish-style_Chicken_Bake;https://www.yummly.com/recipe/Spanish-style-Chicken-Bake-2084532
Iberic;Chorizo_with_Prawns_-_one_of_the_best_Spanish_tapas;https://www.yummly.com/recipe/Chorizo-with-Prawns---one-of-the-best-Spanish-tapas-1234701
Iberic;Spanish_Rice;https://www.yummly.com/recipe/Spanish-Rice-9298450
Iberic;Best-Ever_Spanish_Rice;https://www.yummly.com/recipe/Best-Ever-Spanish-Rice-9152376
Iberic;Unbelievably_Easy_Spanish_Flan;https://www.yummly.com/recipe/Unbelievably-Easy-Spanish-Flan-2725344
Iberic;Spanish_Flan;https://www.yummly.com/recipe/Spanish-Flan-2694170
Iberic;Spanish_Pork_and_Fennel_Stew_with_Saffron_Rice;https://www.yummly.com/recipe/Spanish-Pork-and-Fennel-Stew-with-Saffron-Rice-2249114
Iberic;Spanish_Rice;https://www.yummly.com/recipe/Spanish-Rice-813183
Iberic;Simple_Spanish_Omelette;https://www.yummly.com/recipe/Simple-Spanish-Omelette-1707749
Iberic;Spanish_Omelette;https://www.yummly.com/recipe/Spanish-Omelette-1541158
Iberic;Spanish_Chicken_with_Chorizo_and_Potatoes;https://www.yummly.com/recipe/Spanish-Chicken-with-Chorizo-and-Potatoes-679012
Iberic;Spanish_Chicken_Stew;https://www.yummly.com/recipe/Spanish-Chicken-Stew-1808471
Iberic;Instant_Pot_Spanish_Rice;https://www.yummly.com/recipe/Instant-Pot-Spanish-Rice-9224336
Iberic;Spanish_Chicken_and_Rice;https://www.yummly.com/recipe/Spanish-Chicken-and-Rice-2015967
Iberic;Easy_Sangria_Recipe_-_Homemade_Spanish_Red_Wine_Sangria;https://www.yummly.com/recipe/Easy-Sangria-Recipe---Homemade-Spanish-Red-Wine-Sangria-1697620
